{
  "Generator Total (G)": {
    "initial": 7.312956354958325,
    "final": 2.530060965366748,
    "min": 2.4868198343077696,
    "max": 7.316989947789031,
    "mean": 4.180279903796976,
    "std": 1.3405215988564967,
    "convergence_rate": 65.40303479794026
  },
  "Discriminator Total (D)": {
    "initial": 1.7915525943483954,
    "final": 0.6728297886038535,
    "min": 0.584214541187187,
    "max": 1.7957946889904632,
    "mean": 1.0203120204222795,
    "std": 0.3048522427889156,
    "convergence_rate": 62.44431836797021
  },
  "Cycle Consistency A": {
    "initial": 2.4168639384956063,
    "final": 0.5107741582414963,
    "min": 0.4931338961273117,
    "max": 2.418661261737913,
    "mean": 1.0336458614126676,
    "std": 0.5140713540238322,
    "convergence_rate": 78.86624273274435
  },
  "Cycle Consistency B": {
    "initial": 2.407037318096345,
    "final": 0.49708955548962747,
    "min": 0.49326880772966164,
    "max": 2.407037318096345,
    "mean": 1.0335982764504352,
    "std": 0.5135533758829817,
    "convergence_rate": 79.3484898737357
  },
  "Identity A": {
    "initial": 1.216896996270508,
    "final": 0.24895433362910915,
    "min": 0.23801968960637915,
    "max": 1.2411629852514534,
    "mean": 0.5168419267984558,
    "std": 0.25720896329225185,
    "convergence_rate": 79.54187294470336
  },
  "Identity B": {
    "initial": 1.2018765634044695,
    "final": 0.2563371599499306,
    "min": 0.24052968861037077,
    "max": 1.2186554342652063,
    "mean": 0.5165422313293747,
    "std": 0.2569895206180318,
    "convergence_rate": 78.67192291163222
  },
  "GAN Loss A2B": {
    "initial": 2.000173657704418,
    "final": 0.774083914525137,
    "min": 0.7219948473187243,
    "max": 2.228253413709015,
    "mean": 1.2525868789566288,
    "std": 0.3784006397492257,
    "convergence_rate": 61.29916462285847
  },
  "GAN Loss B2A": {
    "initial": 2.06043234242783,
    "final": 0.7928045229805827,
    "min": 0.7251566641407396,
    "max": 2.2164074898083794,
    "mean": 1.2500139609732286,
    "std": 0.37900521426125094,
    "convergence_rate": 61.52241902559089
  }
}